Offense,Street,Date of Occurrence,Victim Age,Victim Race,Victim Gender,lat,lon
HIT AND RUN,WEAVER DAIRY ROAD/SUNRISE RD,2010/3/19 14:43,49,B,M,35.961769,-79.034564
HIT AND RUN,FRANKLIN @ CHURCH STS,2010/5/23 2:46,27,W,M,35.91225,-79.058142
VEHICLE CRASH,1000 HWY 15-501 S,2010/10/28 23:55,57,W,F,35.883454,-79.060775
CRASH INVOLVING SCHOOL BUS,WEAVER DAIRY RD.,2010/10/19 15:03,<Null>,<Null>,<Null>,35.961769,-79.034564
HIT AND RUN,136 PUREFOY RD,2010/12/19 17:22,<Null>,<Null>,<Null>,35.896782,-79.053974
BELATED HIT & RUN,NC 54 ,2011/1/16 18:47,<Null>,U,M,35.89692,-79.040896
TRAFFIC CRASH,N ESTES DR @ SOMERSET DR,2011/3/9 18:40,28,W,M,35.935191,-79.05074
TRAFFIC CRASH,704 KENSINGTON DR,2012/2/10 7:59,<Null>,<Null>,<Null>,35.939533,-79.048649
TRAFFIC CRASH INVESTIGATION,466 W FRANKLIN ST/N ROBERSON ST,2012/3/18 1:24,<Null>,<Null>,<Null>,35.910291,-79.063243
MOCK CRASH,1709 HIGH SCHOOL RD,2012/5/3 12:00,<Null>,<Null>,<Null>,35.946506,-79.076273
HIT & RUN,MARKET ST @ ABERDEEN DR,2012/7/16 20:57,34,W,M,35.880939,-79.06612
MOTOR VEHICLE CRASH,704 MARTIN LUTHER KING JR BLVD,2012/9/9 2:30,<Null>,<Null>,<Null>,35.921415,-79.055686
HIT AND RUN,203 E FRANKLIN ST,2013/1/12 0:54,26,W,M,35.914388,-79.052665
HIT AND RUN,WEAVER DAIRY@MLK,2013/2/5 20:31,20,B,M,35.963982,-79.058488
DAMAGE TO PROPERTY(VEHICLE CRASH),110 S ROBERSON ST/W FRANKLIN ST,2013/3/29 2:59,29,W,M,35.910252,-79.063263
HIT AND RUN,US 15@501,2013/5/2 17:24,42,W,M,35.861188,-79.081263
MOTOR VEHICLE CRASH,201 S ESTES DR,2013/7/27 15:29,<Null>,<Null>,<Null>,35.927577,-79.030125
VEHICLE CRASH,999 WEAVER DAIRY RD/KINGSTON DR,2013/10/29 17:28,<Null>,<Null>,<Null>,35.963921,-79.051913
BELATED CRASH INFORMATION,15-501 ,2013/12/5 21:51,<Null>,<Null>,<Null>,35.891758,-79.05861
HIT & RUN MOTOR VEHICLE CRASH,1810 FORDHAM BLVD,2014/3/8 2:30,22,B,M,35.945217,-79.009582
ASSIST OTHER AGENCIES WITH MOCK CRASH AT CARRBORO HIGH SCHOO,201 ROCK HAVEN RD,2014/3/21 8:20,<Null>,<Null>,<Null>,35.89331,-79.085406
BELATED CRASH INFORMATION,1301 FORDHAM BLVD/EPHESUS CHURCH RD,2014/4/2 9:45,56,W,F,35.936265,-79.023442
HIT & RUN,602 MARTIN LUTHER KING JR BLVD,2014/5/3 2:10,<Null>,<Null>,<Null>,35.917832,-79.056536
HIT AND RUN - PROPERTY DAMAGE,2516 HOMESTEAD RD,2014/6/14 16:19,77,U,F,35.951379,-79.064427
HIT AND RUN,1501 E FRANKLIN ST,2014/5/14 23:43,<Null>,<Null>,<Null>,35.929473,-79.034248
BELATED HIT AND RUN,1838 MARTIN LUTHER KING JR BLVD,2014/7/1 13:15,35,W,F,35.966378,-79.059449
HIT AND RUN,305 SUNSET DR,2014/7/4 10:14,24,W,M,35.91262,-79.066546
HIT/RUN LEAVE SCENE OF PROPERTY DAMAGE,EDWARDS ST,2014/10/3 22:56,20,W,F,35.902859,-79.065297
BELATED TRAFFIC CRASH,1200  RALEIGH RD,2014/8/21 9:00,<Null>,<Null>,<Null>,35.907743,-79.026208
HIT AND RUN; LEAVE THE SCENE OF A CRASH CAUSING SERIOUS INJ,FORDHAM BLVD @ E LAKEVIEW DR,2014/9/29 3:36,<Null>,W,M,35.893533,-79.056889
FATALITY CRASH INVESTIGATION,800 MARTIN LUTHER KING JR BLVD,2014/10/3 9:35,<Null>,W,F,35.925064,-79.054005
HIT AND RUN,1105 NC 54,2014/11/9 20:00,29,W,M,35.899589,-79.068424
HIT & RUN SCENE OF PROPERTY DAMAGE,5607 OLD CHAPEL HILL RD,2014/1/7 22:35,56,W,M,35.944819,-79.00136
HIT AND RUN VEHICLE CRASH,OLD STERLING DR,2015/1/1 4:44,<Null>,<Null>,<Null>,35.951131,-79.011732
VEHICLE CRASH,FORDHAM BLVD/S ESTES DR,2015/1/15 16:36,<Null>,<Null>,<Null>,35.930343,-79.024304
HIT & RUN CRASH,25 DAVIE CIR,2015/4/2 8:15,<Null>,<Null>,<Null>,35.918147,-79.036416
FAIL TO REPORT CRASH,CEDAR CLUB CIR/CEDAR BERRY LN,2015/3/21 17:00,<Null>,<Null>,<Null>,35.907287,-79.008142
HIT AND RUN,1801 FORDHAM BLVD,2015/5/13 11:49,<Null>,<Null>,<Null>,35.944823,-79.012676
INFORMATION-CRASH,602 MARTIN LUTHER KING JR BLVD,2015/9/10 17:59,<Null>,<Null>,<Null>,35.918229,-79.052014
HIT AND RUN,106 HAMILTON RD,2015/10/25 1:17,33,B,M,35.912522,-79.023293
HIT AND RUN,1 DAVIE CIR/E FRANKLIN ST,2015/10/25 5:03,<Null>,<Null>,<Null>,35.91857,-79.039603
HIT AND RUN - INJURY,FOUNTAIN RIDGE RD @ HIGHVIEW DR,2016/2/2 20:25,40,O,M,35.936469,-79.003368
TRAFFIC-MOCK CRASH,500 WEAVER DAIRY RD,2016/4/14 8:19,<Null>,<Null>,<Null>,35.960454,-79.031605
MVC HIT AND RUN,199 RALEIGH ST/COUNTRY CLUB RD,2016/4/14 20:55,<Null>,<Null>,<Null>,35.913205,-79.047839
HIT/RUN WITH PROPERTY DAMAGE,PICKARD LN @ E FRANKLIN ST,2016/5/6 1:01,31,B,M,35.915094,-79.050708
TRAFFIC- MOCK CRASH,1709 HIGH SCHOOL RD,2016/5/13 10:04,<Null>,<Null>,<Null>,35.946505,-79.07627
HIT AND RUN PROPERT DAMAGE,1520 E FRANKLIN ST,2016/6/22 6:46,<Null>,<Null>,<Null>,35.932152,-79.032198
TRAFFIC CRASH,952 US 15-501 AND RALEIGH RD,2016/8/16 18:27,87,W,M,35.908677,-79.027128
HIT & RUN,1060 NC 54 W,2016/8/4 22:51,<Null>,<Null>,<Null>,35.924738,-79.135617
HIT AND RUN,117 OLD DURHAM RD,2016/8/7 21:20,30,B,F,35.944297,-79.01086
INJURED WHITETAIL DEER,305 ERWIN RD/ENGLEWOOD DR,2016/8/23 12:16,<Null>,<Null>,<Null>,35.955065,-79.015299
HIT AND RUN,1106 ENVIRON WAY,2016/8/6 13:30,23,W,F,35.906677,-79.02142
TRAFFIC CRASH,1415 E FRANKLIN ST/N ESTES DR,2016/9/7 17:11,49,W,M,35.929317,-79.034328
CRASH FATALITY,900 BLK RALEIGH ROAD,2016/8/25 21:36,61,W,F,35.908673,-79.029373
VEHICLE CRASH,1790 FORDHAM BLVD,2016/9/7 15:23,<Null>,<Null>,<Null>,35.943225,-79.016092
HIT AND RUN,700 HILLSBOROUGH ST ,2016/10/2 22:46,<Null>,B,M,35.924613,-79.052432
MOTOR VEHICLE CRASH,100 MILL RACE DR,2016/9/28 3:30,21,W,F,35.922745,-79.051447
HIT AND RUN,828 MARTIN LUTHER KING JR BLVD,2016/8/25 9:30,<Null>,<Null>,<Null>,35.926894,-79.052928
HIT AND RUN,891 WILLOW DR/CONNER DR,2017/1/16 9:54,66,W,F,35.929259,-79.029024
HIT/RUN LEAVE SCENE OF PROPERTY DAMAGE,FORDHAM BLVD/SAGE RD,2017/2/9 19:12,26,W,F,35.944635,-79.012628
HIT AND RUN PROPERTY DAMAGE,100 N ROBERSON ST/W FRANKLIN ST,2017/2/1 1:45,43,B,M,35.910276,-79.063203
HIT AND RUN,14 BRANDON RD,2017/3/11 7:00,46,W,M,35.915186,-79.024551
HIT AND RUN,1800 EPHESUS CHURCH AND FORDHAM BLVD,2017/4/3 19:29,52,W,F,35.936244,-79.02338
HIT AND RUN,237 S ELLIOTT RD,2017/5/4 18:05,54,W,M,35.932042,-79.027547
HIT AND RUN,316 W ROSEMARY ST,2017/9/21 15:00,20,W,F,35.912568,-79.060286
CRASH INVESTIGATION,104 NEW STATESIDE DR,2017/8/24 16:50,44,W,F,35.955165,-79.058063
HIT AND RUN CRASH,255 S ELLIOTT RD,2017/8/23 11:26,<Null>,<Null>,<Null>,35.931983,-79.027242
CRASH INVESTIGATION,1702 E FRANKLIN ST,2017/12/11 13:30,<Null>,<Null>,<Null>,35.935061,-79.029282
HIT AND RUN INVESTIGATION,333 W ROSEMARY ST,2018/2/10 15:05,47,W,F,35.912019,-79.061541
HIT AND RUN,272 RALEIGH RD,2018/1/23 14:29,50,W,M,35.911727,-78.984222
HIT & RUN,RALEIGH RD E/MEADOWMONT LN,2018/1/29 17:59,59,W,M,35.902859,-79.010593
FATALITY CRASH,1620 MARTIN LUTHER KING JR BLVD/WESTMINSTER DR,2018/1/16 21:20,<Null>,W,M,35.961154,-79.057402
HIT AND RUN INVESTIGATION,US 15-501@MARKET ST,2018/1/17 11:59,25,B,F,35.879103,-79.063889
HIT AND RUN,1301 FORDHAM BLVD/EPHESUS CHURCH RD,2018/3/13 17:25,60,W,M,35.936265,-79.023442
HIT AND RUN,1200 RALEIGH RD,2018/2/12 20:15,43,W,F,35.908655,-79.02706
HIT AND RUN,130 CULBRETH PARK DR/WILSON CREEK RD,2018/3/4 10:00,34,W,F,35.889955,-79.063571
HIT AND RUN,1800 E FRANKLIN ST,2018/3/18 18:30,<Null>,W,F,35.93631,-79.026999
HIT AND RUN,301 PINEGATE CIR,2018/4/18 17:05,31,B,M,35.948741,-79.008112
HIT AND RUN,318 E ROSEMARY ST/HILLSBOROUGH ST,2018/5/7 22:06,27,B,M,35.916555,-79.049743
MOCK CRASH,500 WEAVER DAIRY RD,2018/4/25 8:12,<Null>,<Null>,<Null>,35.960454,-79.031605
HIT AND RUN,314 S HERITAGE LOOP,2018/4/13 17:00,25,B,F,35.94656,-79.061131
HIT AND RUN UTILITY POLE,111 HILLSBOROUGH ST/E ROSEMARY ST,2018/4/29 3:51,<Null>,<Null>,<Null>,35.916568,-79.049783
CRASH INVESTIGATION,CHAPEL RIDGE DRIVE,2018/4/16 12:41,21,B,F,35.946705,-79.06258
HIT AND RUN INVESTIGATION,891 WILLOW DR,2018/5/15 13:59,80,W,M,35.929259,-79.029024
HIT AND RUN INVESTIGATION,104 N GRAHAM ST,2018/6/21 14:49,32,B,F,35.910084,-79.064315
HIT AND RUN,1800 E FRANKLIN ST,2018/5/31 18:15,54,A,M,35.93631,-79.026999
HIT & RUN-TRAFFIC,1801 FORDHAM BLVD,2018/6/3 16:34,<Null>,<Null>,<Null>,35.944823,-79.012676
HIT AND RUN,124 N MERRITT MILL RD/W ROSEMARY ST,2018/6/1 18:30,48,W,F,35.911029,-79.065792
CRASH INFORMATION,700 BOLINWOOD DR,2018/5/28 12:00,59,W,M,35.9261,-79.048724
HIT AND RUN,408 E ROSEMARY ST,2018/6/8 14:55,<Null>,<Null>,<Null>,35.916863,-79.048917
CRASH INVESTIGATION,1801 FORDHAM BLVD,2018/6/22 17:50,56,W,M,35.944823,-79.012676
HIT AND RUN INVESTIGATION,1060 NC 54,2018/6/13 9:15,53,B,M,35.898081,-79.065681
CRASH INVESTIGATION,225 CULBRETH RD,2018/6/7 10:30,28,B,M,35.891814,-79.066341
CRASH INVESTIGATION,MT CARMEL CHURCH RD @ US15-501N,2018/8/16 8:00,64,W,F,35.891334,-79.05937
HIT AND RUN,828 MARTIN LUTHER KING JR BLVD,2018/7/12 14:10,64,B,F,35.927327,-79.053859
CRASH INVESTIGATION,111 BASNIGHT LN,2018/7/12 9:00,67,W,F,35.909801,-79.061544
CRASH INVESTIGATION,750 MARTIN LUTHER KING JR BLVD,2018/6/30 12:20,26,W,M,35.924377,-79.054299
HIT AND RUN ACCIDENT,828 W ROSEMARY ST AND N COLUMBIA ST,2018/7/31 11:15,71,W,M,35.914068,-79.056292
HIT AND RUN,1098 MARTIN LUTHER KING JR BLVD/PINEY MOUNTAI,2018/7/26 9:00,55,W,F,35.939306,-79.056866
HIT AND RUN ACCIDENT,630 WEAVER DAIRY RD,2018/8/18 9:48,27,W,M,35.961822,-79.034719
CRASH INVESTIGATION,828 US15-501 ,2018/7/14 16:15,45,W,M,35.893716,-79.057488
HIT AND RUN INVESTIGATION,980 MARTIN LUTHER KING JR BLVD,2018/7/24 9:15,68,W,F,35.934083,-79.055815
HIT AND RUN INVESTIGATION,500 UMSTEAD DR,2018/7/28 6:44,54,A,M,35.922674,-79.065896
HIT AND RUN INVESTIGATION,100 MALLETTE ST,2018/8/30 17:35,<Null>,<Null>,<Null>,35.91171,-79.059527
BELATED CRASH REPORT,828 HILLSBOROUGH ST ,2018/8/27 21:15,<Null>,<Null>,<Null>,35.925123,-79.054044
HIT AND RUN,101 S COLUMBIA ST/E FRANKLIN ST,2018/9/17 18:00,<Null>,<Null>,<Null>,35.913166,-79.055707
HIT AND RUN INVESTIGATION,204 FINLEY FOREST DR,2018/8/24 23:57,33,A,F,35.89894,-79.010195
HIT AND RUN,1670 MARTIN LUTHER KING JR BLVD,2018/9/19 9:15,34,W,F,35.961779,-79.057508
HIT AND RUN,133 W FRANKLIN ST,2018/9/2 18:26,29,I,M,35.912419,-79.057582
HIT & RUN,1832 FORDHAM BLVD/E FRANKLIN ST,2018/9/24 14:30,<Null>,<Null>,<Null>,35.937415,-79.025157
HIT AND RUN,333 W ROSEMARY ST,2018/10/2 12:20,49,W,M,35.912019,-79.061541
CRASH INVESTIGATION,133 W FRANKLIN ST,2018/10/26 20:00,22,W,F,35.912419,-79.057582
HIT AND RUN,EASTOWNE DR/FORDHAM BLVD,2018/10/4 19:30,<Null>,<Null>,<Null>,35.94928,-79.002705
HIT AND RUN,502 W FRANKLIN ST,2018/10/25 12:00,20,W,F,35.910251,-79.063347
HIT AND RUN INVESTIGATION,VILLAGE DR@RIDGE TRL,2018/11/17 13:41,57,B,M,35.920593,-79.067844
HIT & RUN,123 W FRANKLIN ST,2018/11/16 17:00,<Null>,<Null>,<Null>,35.912626,-79.057048
HIT & RUN INVESTIGATION,101 CONNER DR,2018/11/13 6:45,62,W,F,35.929289,-79.0291
HIT AND RUN,81 S ELLIOTT RD,2018/10/27 9:30,<Null>,<Null>,M,35.934174,-79.028372
ASSIST OTHER AGENCY ON CRASH,199 COUNTRY CLUB RD/SOUTH RD,2018/10/15 2:19,28,W,M,35.910931,-79.041689
HIT & RUN ACCIDENT,RALEIGH RD@FORDHAM-RALEIGH RD EXIT,2018/10/31 6:20,<Null>,<Null>,<Null>,35.908677,-79.027128
HIT AND RUN INVESTIGATION,150 E ROSEMARY ST,2018/10/3 16:30,49,W,M,35.914856,-79.054195
HIT AND RUN,107 LONEBROOK DR,2018/11/13 23:05,37,W,F,35.962117,-79.062474
HIT AND RUN INVESTIGATION,801 E BARBEE CHAPEL RD,2018/11/20 8:35,49,A,M,35.904875,-79.006827
CRASH INVESTIGATION,213 W FRANKLIN ST,2018/10/31 14:36,66,B,F,35.911777,-79.059247
HIT AND RUN,702 MARTIN LUTHER KING JR BLVD,2018/10/13 1:00,59,A,M,35.921191,-79.055761
HIT AND RUN,W ROSEMARY ST/N COLUMBIA ST,2018/11/12 20:20,27,W,M,35.91403,-79.056342
HIT AND RUN INVESTIGATION,712 MARTIN LUTHER KING JR BLVD,2018/12/6 8:00,22,W,M,35.92172,-79.055099
HIT AND RUN,1743 LEGION RD,2019/2/9 20:00,27,B,M,35.942746,-79.012073
HIT & RUN,602 MARTIN LUTHER KING JR BLVD,2019/2/21 12:15,22,W,F,35.917974,-79.053023
HIT&RUN,RALEIGH RD@ E BARBEE CHAPEL RD,2019/2/20 18:01,35,B,M,35.901828,-79.007292
HIT & RUN,302 MCMASTERS ST,2019/1/21 13:10,20,W,F,35.918758,-79.062324
HIT AND RUN INVESTIGATION,109 KENAN ST,2019/1/26 23:00,21,W,M,35.910694,-79.059891
HIT AND RUN,225 CULBRETH RD,2019/3/1 13:30,55,B,F,35.890215,-79.067316
HIT & RUN,201 S ELLIOTT RD,2019/1/23 16:08,35,A,F,35.933266,-79.027872
HIT & RUN,W FRANKLIN ST@N COLUMBIA ST,2019/1/28 17:46,<Null>,<Null>,<Null>,35.913159,-79.055779
HIT AND RUN INVESTIGATION,450 W FRANKLIN ST,2019/1/29 23:00,<Null>,<Null>,<Null>,35.910859,-79.062483
HIT AND RUN,316 W ROSEMARY ST,2019/2/6 9:15,20,W,F,35.912861,-79.060443
HIT AND RUN,100 E ROSEMARY ST,2019/3/31 2:13,23,B,M,35.91396,-79.055708
HIT AND RUN,100 CEDAR CLUB CIR,2019/3/31 13:30,69,W,M,35.906614,-79.005608
HIT AND RUN,220 ELIZABETH ST,2019/4/12 20:30,32,W,F,35.925646,-79.041987
BELATED CRASH REPORT,211 SHORT ST,2019/4/14 21:00,<Null>,<Null>,<Null>,35.913905,-79.058923
HIT AND RUN INVESTIGATION,FORDHAM BLVD@S ESTES DR,2019/3/14 13:59,<Null>,<Null>,<Null>,35.92503,-79.024811
BELATED CRASH,801 W BARBEE CHAPEL RD,2019/4/15 9:30,38,B,F,35.905363,-79.01522
HIT AND RUN,1860 MARTIN LUTHER KING JR BLVD,2019/4/26 17:50,<Null>,W,M,35.966599,-79.058787
HIT AND RUN INVESTIGATION,222 JAY ST,2019/4/3 14:10,22,W,M,35.919077,-79.066829
HIT & RUN,501 MEADOWMONT VILLAGE CIR,2019/4/30 13:21,<Null>,<Null>,<Null>,35.905277,-79.010705
HIT & RUN,104 MEADOWMONT VILLAGE CIR,2019/6/18 10:15,55,W,F,35.904632,-79.010444
HIT AND RUN,110 HILLSPRING LN,2019/5/11 13:29,60,W,M,35.888958,-79.070722
HIT AND RUN,114 MELVILLE LOOP,2019/5/14 19:52,26,A,F,35.947649,-79.017035
HIT AND RUN,602 MARTIN LUTHER KING JR BLVD,2019/5/3 17:30,21,<Null>,M,35.917974,-79.053023
HIT AND RUN,1505 E FRANKLIN ST,2019/6/13 8:45,70,W,F,35.930495,-79.034439
HIT & RUN,S ESTES DR@FORDHAM BLVD,2019/6/5 17:56,<Null>,<Null>,<Null>,35.92503,-79.024811
BELATED CRASH,120 NORTH ST,2019/5/28 9:30,20,W,F,35.915458,-79.055214
HIT AND RUN,HOMESTEAD RD@MARTIN LUTHER KING JR BLVD,2019/6/26 13:45,34,W,M,35.949519,-79.058372
HIT N RUN,MARTIN LUTHER KING JR BLVD@WEAVER DAIRY RD X,2019/7/16 13:25,74,W,F,35.963982,-79.058488
HIT AND RUN,100 N COLUMBIA ST,2019/6/26 8:42,26,W,M,35.912637,-79.056089
HIT AND RUN,214 W ROSEMARY ST,2019/8/12 8:11,25,W,M,35.913469,-79.058343
HIT SIGN IN MIDDLE OF ROAD,330 PUREFOY RD,2019/7/23 21:10,<Null>,<Null>,<Null>,35.895762,-79.057733
BELATED CRASH REPORT,1800 E FRANKLIN ST,2019/6/30 19:22,<Null>,<Null>,<Null>,35.935902,-79.02657
HIT AND RUN,711 VILLAGE CROSSING DR,2019/7/24 13:24,28,B,M,35.902822,-79.007277
INFORMATION REGARDING BELATED CRASH REPORT,257 S ELLIOTT RD,2019/7/17 10:40,65,W,F,35.932882,-79.025815
HIT AND RUN,104 W ROSEMARY ST,2019/7/1 17:00,<Null>,<Null>,<Null>,35.914098,-79.05643
DEATH INVESTIGATION- CRASH,W FRANKLIN ST @ MALLETTE ST,2019/9/29 14:35,18,W,M,35.91171,-79.059528
HIT N RUN,1800 MARTIN LUTHER KING JR BLVD,2019/8/21 12:50,79,W,M,35.968226,-79.058647
HIT N RUN,RALEIGH RD@FINLEY GOLF COURSE RD,2019/8/22 14:34,75,W,F,35.906238,-79.018952
HIT AND RUN,310 W FRANKLIN ST,2019/9/9 11:45,50,W,M,35.911872,-79.060716
HIT AND RUN,1720 FORDHAM BLVD,2019/10/1 17:15,42,W,M,35.937426,-79.022891
HIT AND RUN,413 W FRANKLIN ST,2019/8/22 12:07,<Null>,<Null>,<Null>,35.910801,-79.06166
BICYCLE CRASH,828 MLK JR. BLVD,2019/8/23 20:40,27,W,M,35.926893,-79.052926
HIT AND RUN,143 W FRANKLIN ST,2019/11/7 12:00,21,W,F,35.911611,-79.058367
HIT AND RUN,123 W FRANKLIN ST,2019/10/11 11:00,27,B,F,35.911578,-79.057039
HIT AND RUN,1801 FORDHAM BLVD,2019/10/30 13:49,63,W,F,35.947766,-79.012792
HIT AND RUN,108 HENDERSON ST,2019/10/25 20:00,47,W,M,35.914803,-79.052958
HIT AND RUN,501 W FRANKLIN ST,2019/10/29 13:07,53,B,M,35.91,-79.06323
HIT AND RUN INVESTIGATION,828 NC 86 ,2019/10/11 15:55,32,W,F,35.926645,-79.053792
HIT AND RUN,N COLUMBIA ST@E FRANKLIN ST,2019/10/11 13:22,<Null>,<Null>,<Null>,35.913159,-79.055779
HIT AND RUN,110 S ELLIOTT RD,2019/12/16 16:30,34,W,M,35.933697,-79.028564
HIT AND RUN,407 W FRANKLIN ST,2019/12/11 23:10,41,B,M,35.910891,-79.060833
HIT AND RUN,E ROSEMARY ST/COTTAGE LN,2020/1/9 19:40,23,W,F,35.916653,-79.049489
HIT AND RUN,1301 E FRANKLIN ST,2020/2/15 12:20,37,W,M,35.927635,-79.035515
HIT&RUN,362 SUMMERWALK CIR,2020/2/4 17:00,43,W,F,35.89632,-79.009193
HIT AND RUN,101 WHITE OAK DR,2020/1/23 16:00,49,W,F,35.945194,-78.998337
HIT AND RUN,100 NC 86 N,2020/2/27 18:25,<Null>,U,U,35.913223,-79.055756
HIT AND RUN,1730 FORDHAM BLVD,2020/3/13 15:40,50,W,M,35.945686,-79.006119
HIT AND RUN COLLISION,1700 LEGION RD/EPHESUS CHURCH RD,2020/5/3 21:25,<Null>,U,U,35.936207,-79.020111
HIT AND RUN,234 EDISTO CT,2020/6/29 13:00,24,B,F,35.960873,-79.051689
HIT AND RUN,1201 NC 54,2020/6/1 17:30,63,W,M,35.926065,-79.143886
HIT AND RUN,106 ASHLEY FOREST RD,2020/5/13 20:36,25,W,F,35.94384,-79.056976
HIT AND RUN,300 W ROSEMARY ST,2020/6/3 17:30,51,W,M,35.91328,-79.058983
HIT AND RUN,101 VILLAGE CROSSING DR,2020/6/16 15:30,<Null>,<Null>,<Null>,35.905041,-79.008766
HIT&RUN,1800 E FRANKLIN ST,2020/7/22 12:49,46,B,F,35.935905,-79.026337
TRAFFIC CRASH,1411 RALEIGH RD,2020/9/17 8:00,<Null>,<Null>,<Null>,35.905365,-79.016304
HIT AND RUN PROPERTY DAMAGE,140 S COLUMBIA ST/W CAMERON AVE,2020/9/4 15:43,<Null>,U,U,35.910685,-79.054444
HIT AND RUN INVESTIGATION,1060 NC 54,2020/9/14 17:00,61,B,M,35.898777,-79.064239
HIT AND RUN,708 MARTIN LUTHER KING JR BLVD,2020/9/20 17:00,21,B,F,35.921665,-79.054573
HIT AND RUN,359 PINEY MOUNTAIN RD,2020/9/13 19:00,28,W,F,35.945633,-79.047478
HIT AND RUN,2000 EUBANKS RD,2020/9/30 18:10,19,W,F,35.970547,-79.071152
HIT AND RUN,110 PINEY MOUNTAIN RD,2020/11/6 17:20,54,W,F,35.939777,-79.05497
HIT AND RUN,240 GLANDON DR,2020/10/28 18:28,47,W,F,35.913689,-79.039604
HIT AND RUN,700 BLOCK MARKET ST,2020/10/26 15:05,33,W,F,35.881155,-79.066308
HIT AND RUN,3322 RALEIGH RD,2020/11/8 21:39,22,W,F,35.902442,-79.009806
TRAFFIC CRASH INVESTIGATION,ESTES DR,2021/5/17 22:33,<Null>,A,F,35.935257,-79.056076
HIT AND RUN INVESTIGATION,VILLAGE DR,2021/4/30 18:00,42,W,F,35.92063,-79.067548
FOUND PROPERTY FROM CRASH,206 W FRANKLIN ST,2021/5/23 18:30,<Null>,<Null>,<Null>,35.911777,-79.059509
HIT AND RUN,209 CONNER DR,2021/7/16 9:30,23,W,F,35.92696,-79.05294
HIT AND RUN,1105 NC 54,2021/8/29 10:34,19,W,F,35.898037,-79.067749
HIT AND RUN,200 WESTMINSTER DR,2021/9/1 0:03,<Null>,W,F,35.961182,-79.054787
HIT AND RUN,100 HENDERSON ST,2021/8/8 1:10,27,A,M,35.915253,-79.053398
HIT AND RUN,107 MARKET ST,2022/4/14 8:00,34,W,M,35.878574,-79.065735
HIT & RUN(PROPERTY DAMAGE),E FRANKLIN ST @ ROBERTSON LN,2021/10/22 11:00,<Null>,<Null>,<Null>,35.91458,-79.05206
HIT AND RUN INVESTIGATION,FORDHAM BLVD @ MANNING DR,2021/10/11 7:38,24,W,M,35.898613,-79.036179
HIT AND RUN INVESTIGATION,163 E ROSEMARY ST,2021/10/1 11:30,25,B,M,35.915253,-79.053398
HIT AND RUN,107 MARKET ST,2022/6/27 6:30,<Null>,W,F,35.878574,-79.065735
TRAFFIC COMPLAINT HIT AND RUN,225 W ROSEMARY ST,2022/7/7 15:55,<Null>,<Null>,<Null>,35.913227,-79.05867
HITTING PARKED CAR,318 W FRANKLIN ST,2021/11/11 14:10,42,B,F,35.911537,-79.060638
HIT AND RUN,500 NORTH ST,2022/4/24 22:00,21,W,F,35.918049,-79.049057
HIT AND RUN,150 E ROSEMARY ST,2021/10/31 22:57,<Null>,<Null>,<Null>,35.914665,-79.054138
HIT AND RUN INVESTIGATION,S ESTES DR/FORDHAM BLVD,2021/12/5 15:41,40,W,F,35.925114,-79.024857
HIT AND RUN CAUSING PHYSICAL INJURY,SAGE RD/FORDHAM BLVD,2022/7/1 23:40,<Null>,B,F,35.944855,-79.012672
HIT AND RUN,1810 FORDHAM BLVD,2021/11/13 11:00,48,B,F,35.944893,-79.009392
CRASH/DWI INVESTIGATION,FORDHAM BLVD @ ERWIN RD,2022/5/10 10:50,<Null>,<Null>,<Null>,35.94226,-79.01834
HIT AND RUN INVESTIGATION,120 NORTH ST,2022/4/21 19:30,19,W,F,35.915465,-79.055217
HIT AND RUN,150 E FRANKLIN ST,2022/4/8 18:40,<Null>,B,F,35.913261,-79.053467
CRASH INVESTIGATION,130 CAMELOT DR,2022/5/23 17:40,22,W,M,35.926035,-79.030139
CRASH INVESTIGATION,121 S ESTES DR,2022/7/16 2:45,<Null>,<Null>,<Null>,35.928643,-79.032053
HIT AND RUN,81 S ELLIOTT RD,2021/11/18 10:14,74,W,F,35.934693,-79.0281
CRASH INVESTIGATION,123 E FRANKLIN ST,2022/8/14 21:50,25,W,F,35.913694,-79.054926
HIT AND RUN,1350 MARTIN LUTHER KING JR BLVD,2022/1/30 19:57,26,W,M,35.952707,-79.057579
CRASH INVESTIGATION,1415 E FRANKLIN ST,2022/2/28 17:09,36,W,F,35.929016,-79.034494
CRASH INVESTIGATION,1010 E FRANKLIN ST,2022/6/24 23:35,<Null>,W,M,35.922218,-79.03841
HIT AND RUN,128 E FRANKLIN ST,2022/5/2 18:15,<Null>,W,M,35.913312,-79.054628
CRASH INVESTIGATION,100 S ESTES DR,2022/4/11 16:35,71,W,M,35.929144,-79.034155
HIT & RUN INVESTIGATION,FORDHAM BLVD @ RALEIGH RD,2021/12/24 14:59,53,W,F,35.90881,-79.02708
CRASH INVESTIGATION,1230 E FRANKLIN ST,2022/5/11 19:23,<Null>,W,F,35.92505,-79.037575
HIT AND RUN,115 HENDERSON ST,2022/1/7 2:15,57,W,M,35.914413,-79.05304
HIT AND RUN,1098 MARTIN LUTHER KING JR BLVD,2022/3/23 5:49,<Null>,W,M,35.942528,-79.057542
HIT AND RUN,1129 WEAVER DAIRY RD,2022/4/8 18:00,70,W,M,35.962133,-79.054797
HIT AND RUN,125 S ESTES DR,2022/6/16 11:48,46,W,F,35.928413,-79.031122
HIT & RUN(PROPERTY DAMAGE),E FRANKLIN ST @ ROBERTSON LN,2021/10/22 11:00,<Null>,<Null>,<Null>,35.91458,-79.05206
HIT AND RUN,110 N ELLIOTT RD,2022/5/27 9:20,34,W,M,35.936565,-79.030772
HIT AND RUN,FORDHAM BLVD @ S COLUMBIA ST,2022/2/3 19:00,<Null>,W,M,35.89363,-79.05748
HIT AND RUN,100 E ROSEMARY ST,2022/8/3 12:00,22,A,M,35.913967,-79.055711
CRASH INVESTIGATION,FORDHAM BLVD @ EAST FRANKLIN ST,2022/6/12 18:06,<Null>,<Null>,<Null>,35.94044,-79.02219
HIT AND RUN,106 PINEGATE CIR,2022/3/27 21:00,<Null>,W,F,35.947592,-79.009348
CRASH INVESTIGATION,1199 WEAVER DAIRY RD,2022/6/2 7:30,39,W,F,35.963903,-79.058219
CRASH INVESTIGATION,130 DIXIE DR,2022/3/29 15:40,80,W,M,35.948863,-79.055233
CRASH INVESTIGATION,EUROPA DR @ FORDHAM BLVD,2022/1/26 18:40,28,W,M,35.94195,-79.01818
CRASH INVESTIGATION.,130 S ESTES DR,2021/10/26 9:00,31,B,F,35.926857,-79.030794
CRASH INVESTIGATION,107 E FRANKLIN ST,2022/2/2 17:30,55,W,F,35.913486,-79.055446
HIT AND RUN,FORDHAM BLVD @ SERVICE RD,2022/1/11 10:31,21,W,F,35.93637,-79.02373
HIT AND RUN,1208 DREW HILL LN,2022/7/22 12:00,37,B,F,35.951694,-79.010185
CRASH INVESTIGATION,FORDHAM BLVD @ SERVICE RD,2022/7/19 13:04,<Null>,<Null>,<Null>,35.93637,-79.02373
HIT AND RUN INVESTIGATION,MARTIN LUTHER KING JR BLVD @ TAYLOR ST,2022/5/27 20:05,45,W,F,35.94556,-79.05822
HIT N RUN,NC 86 @ WEAVER DAIRY RD,2021/12/21 22:38,44,B,M,35.96396,-79.05829
HIT AND RUN,116 W BARBEE CHAPEL RD,2022/4/26 13:16,58,W,M,35.906486,-79.010899
CRASH INVESTIGATION,701 HIGHGROVE DR,2022/3/30 14:30,47,W,M,35.886936,-79.068474
CRASH INVESTIGATION,1800 E FRANKLIN ST,2021/12/27 12:45,35,W,M,35.935102,-79.024268
HIT AND RUN,1001 S MERRITT MILL RD,2022/4/7 8:45,<Null>,W,F,35.908014,-79.064294
CRASH INVESTIGATION,2030 S COLUMBIA ST,2022/7/26 17:00,22,W,M,35.892227,-79.058635
CRASH INVESTIGATION,206 W FRANKLIN ST,2022/6/5,46,W,M,35.912354,-79.058877
HIT AND RUN,206 W FRANKLIN ST,2022/4/13 20:40,<Null>,W,M,35.912354,-79.058877
CRASH INVESTIGATION,803 N ESTES DR,2022/3/25 16:19,<Null>,A,M,35.933785,-79.05193
CRASH INVESTIGATION,105 W LONGVIEW ST,2022/1/25 16:00,54,W,M,35.91931,-79.060562
CRASH INVESTIGATION,2030 US 15-501,2022/4/12 20:08,<Null>,<Null>,<Null>,35.86121,-79.081607
HIT AND RUN,211 CHURCH ST,2022/1/24 16:00,22,W,F,35.913406,-79.059476
CRASH INVESTIGATION,E FRANKLIN ST,2022/3/24 21:23,<Null>,<Null>,<Null>,35.931378,-79.033005
HIT AND RUN,222 WESTSIDE DR,2022/7/13 8:00,56,W,M,35.887631,-79.072174
CRASH INVESTIGATION,200 W FRANKLIN ST,2022/1/14 14:16,<Null>,W,M,35.912338,-79.058524
BELATED CRASH,116 W BARBEE CHAPEL RD,2022/5/18 12:00,57,B,M,35.906486,-79.010899
CRASH INVESTIGATION,1301 FORDHAM BLVD,2022/5/27 9:17,26,W,M,35.934632,-79.022613
HIT AND RUN,1832 FORDHAM BLVD,2022/4/6 10:34,56,W,F,35.946128,-79.008123
CRASH INVESTIGATION,631 MARTIN LUTHER KING JR BLVD,2022/5/21 0:33,<Null>,<Null>,<Null>,35.920873,-79.056145
CRASH INVESTIGATION,US 15-501 @ WALNUT ST,2022/7/19 9:32,49,W,F,35.92911,-79.02425
HIT AND RUN,205 N GRAHAM ST,2022/5/16 17:00,<Null>,W,M,35.91174,-79.065503
HIT AND RUN,342 W ROSEMARY ST,2022/4/11 12:00,<Null>,W,F,35.912021,-79.062055
HIT & RUN INVESTIGATION,828 EASTGATE CROSSING,2021/12/29 13:30,56,W,F,35.936116,-79.025213
CRASH INVESTIGATION,101 S COLUMBIA ST,2022/1/29 19:05,<Null>,<Null>,<Null>,35.912593,-79.054877
CRASH INVESTIGATION,250 E FRANKLIN ST,2022/2/3 9:00,<Null>,<Null>,<Null>,35.914578,-79.051896
HIT AND RUN,1701 MLK JR BLVD,2022/2/22 12:00,<Null>,W,F,35.961895,-79.058095
CRASH INVESTIGATION,1748 FORDHAM BLVD,2022/3/27 0:17,<Null>,<Null>,<Null>,35.940711,-79.019103
CRASH INVESTIGATION,1800 MARTIN LUTHER KING JR BLVD,2022/4/10 11:00,69,W,M,35.968234,-79.058649
CRASH INVESTIGATION,103 W FRANKLIN ST,2022/4/28 1:02,60,W,F,35.912921,-79.056251
CRASH INVESTIGATION,1012 S COLUMBIA ST,2021/11/5 16:31,21,W,M,35.882421,-79.061207
CRASH INVESTIGATION,333 W ROSEMARY ST,2022/4/8 16:44,<Null>,W,F,35.911655,-79.061241
HIT AND RUN INVESTIGATION,81 US 15-501,2022/3/19 8:00,33,B,M,35.891803,-79.058562
HIT AND RUN,508 HIGHGROVE DR,2022/2/19 20:00,43,W,F,35.888123,-79.070915
HIT AND RUN,409 W FRANKLIN ST,2022/8/9 10:36,33,B,F,35.910806,-79.061155
CRASH INVESTIGATION,1800 E FRANKLIN ST,2022/1/31 16:00,81,W,F,35.935102,-79.024268
CRASH INVESTIGATION,807 N COLUMBIA ST,2022/5/26 18:00,47,W,M,35.921508,-79.058242
HIT AND RUN INVOLVING PEDESTRIAN,2701 HOMESTEAD RD,2022/1/4 11:29,<Null>,B,M,35.949582,-79.059852
HIT AND RUN,1219 RALEIGH RD,2021/12/23 8:10,33,W,M,35.907967,-79.022906
HIT AND RUN,1521 E FRANKLIN ST,2022/6/29 16:00,25,W,M,35.933036,-79.032733
HIT AND RUN,101 CHANNING LN,2022/6/10 23:30,22,W,M,35.89272,-79.062536
CRASH INVESTIGATION,700 MARKET ST,2022/4/29 20:00,<Null>,W,F,35.880347,-79.066217
CRASH INVESTIGATION,1289 FORDHAM BLVD,2022/1/12 16:20,<Null>,B,F,35.934088,-79.02305
HIT & RUN,500 UMSTEAD DR,2022/5/13 17:30,49,B,M,35.924637,-79.065885
CRASH INVESTIGATION,1800 E FRANKLIN ST,2022/3/16 17:45,53,W,F,35.935102,-79.024268
CRASH INVESTIGATION,300 ASHLEY FOREST RD,2022/1/31 1:00,43,W,M,35.944412,-79.055126
HIT AND RUN,106 N GRAHAM ST,2021/12/9 0:14,28,W,M,35.910484,-79.064267
HIT AND RUN,205 SUNRISE LN,2022/2/3 22:00,<Null>,W,F,35.923831,-79.055863
CRASH INVESTIGATION,VILLAGE DR @ UMSTEAD DR,2022/1/22 0:30,<Null>,<Null>,<Null>,35.92265,-79.06594
CRASH INVESTIGATION,600 MARTIN LUTHER KING JR BLVD,2021/12/25 18:00,23,W,M,35.918559,-79.055692
CRASH INVESTIGATION,W ROSEMARY ST @ N COLUMBIA ST,2021/12/1 22:05,19,A,F,35.91407,-79.05629
HIT AND RUN,325 W ROSEMARY ST,2022/1/24 0:43,<Null>,<Null>,<Null>,35.912094,-79.060529
CRASH INVESTIGATION,PINEHURST DR @ LANCASTER,2022/2/1 17:30,56,W,M,35.91998,-79.01079
CRASH INVESTIGATION,861 WILLOW DR,2022/5/9 2:09,<Null>,<Null>,<Null>,35.92899,-79.029807
CRASH INVESTIGATION,1490 FORDHAM BLVD,2022/6/3 19:58,38,W,M,35.936119,-79.024047
HIT AND RUN,212 CONNER DR,2022/3/12 17:00,38,W,M,35.931438,-79.029348
HIT & RUN,100 CARRAWAY CROSSING,2022/2/16 19:00,60,U,M,35.971117,-79.069923
CRASH INVESTIGATION,FORDHAM BLVD @ RALEIGH RD,2021/12/7 18:45,30,B,F,35.90881,-79.02708
HIT AND RUN,FORDHAM BLVD @ BRANDON RD,2022/3/19 4:06,<Null>,<Null>,<Null>,35.91519,-79.02628
CRASH INVESTIGATION,1487 EPHESUS CHURCH RD,2022/4/16 8:03,52,B,F,35.932987,-79.017025
HIT & RUN,1801 FORDHAM BLVD,2022/4/26 16:20,43,A,F,35.947773,-79.012795
BELATED CRASH INVESTIGATION,425 HILLSBOROUGH ST,2022/1/22 2:45,<Null>,<Null>,<Null>,35.920337,-79.052282
CRASH INVESTIGATION,FORDHAM BLVD @ MANNING DR,2022/6/11 22:09,69,B,M,35.89842,-79.0361
CRASH INVESTIGATION,1201 MARTIN LUTHER KING JR BLVD,2022/5/5 10:30,39,B,F,35.945544,-79.058678
HIT AND RUN,425 HILLSBOROUGH ST,2022/3/6 21:00,<Null>,A,M,35.920337,-79.052282
HIT AND RUN,409 W FRANKLIN ST,2022/6/5 14:50,<Null>,W,M,35.910806,-79.061155
HIT AND RUN,NC 54 @ FORDHAM BLVD,2021/11/15 17:50,<Null>,B,M,35.90871,-79.02728
CRASH INVESTIGATION,81 S ELLIOTT RD,2022/1/8 18:30,25,U,F,35.934693,-79.0281
CRASH INVESTIGATION,1748 FORDHAM BLVD,2022/3/9 12:56,<Null>,W,F,35.940711,-79.019103
HIT AND RUN,102 COLUMBIA PLACE DR,2022/4/30 18:30,26,A,M,35.922063,-79.057269
HIT AND RUN,FORDHAM BLVD @ WILLOW DR,2021/11/11 17:30,46,W,M,35.93035,-79.02427
HIT AND RUN,220 ELIZABETH ST,2022/6/20 17:30,25,W,F,35.925653,-79.04199
HIT AND RUN,206 SUNSET DR,2021/12/4 13:45,21,W,F,35.911653,-79.065954
HIT AND RUN INVESTIGATION,403 MARTIN LUTHER KING JR BLVD,2022/4/3 17:20,20,W,M,35.916,-79.057236
HIT AND RUN,406 W FRANKLIN ST,2022/6/30 18:20,<Null>,W,M,35.911401,-79.060917
CRASH INVESTIGATION,1798 MARTIN LUTHER KING JR BLVD,2022/7/21 15:00,28,W,F,35.966063,-79.059021
HIT AND RUN,1000 NOVUS LN,2022/5/15 12:00,<Null>,B,F,35.938695,-79.020844
CRASH INVESTIGATION,202 PINEGATE CIR,2021/12/18 23:10,53,B,F,35.947973,-79.009985
CRASH INVESTIGATION,508 W FRANKLIN ST,2021/11/5 20:24,44,W,M,35.910206,-79.064019
CRASH INVESTIGATION,1301 FORDHAM BLVD,2022/8/5 12:38,22,W,F,35.934632,-79.022613
HIT AND RUN,201 S ELLIOTT RD,2022/7/23 18:26,20,A,F,35.93322,-79.02681
HIT AND RUN,1101 WILLOW DR,2022/7/21 12:00,33,W,M,35.930094,-79.019736
CRASH INVESTIGATION,150 E ROSEMARY ST,2022/6/9 15:15,29,B,M,35.914604,-79.054127
HIT AND RUN,200 WESTMINSTER DR,2022/8/3 18:00,26,W,F,35.961123,-79.054772
HIT AND RUN,201 S ESTES DR,2022/8/11 16:30,32,O,F,35.927763,-79.027033
CRASH INVESTIGATION,1060 NC 54 W,2021/11/15 17:39,<Null>,W,M,35.924724,-79.135617
HIT AND RUN,500 NORTH ST,2022/4/10 22:30,26,W,F,35.917988,-79.049046
CRASH INVESTIGATION,309 CALDWELL ST,2021/12/27 0:20,66,B,M,35.917005,-79.061825
HIT AND RUN,828 HENDERSON ST,2022/5/13 10:50,<Null>,A,M,35.915506,-79.053588
CRASH INVESTIGATION,1501 E FRANKLIN ST,2022/2/26 18:15,42,W,F,35.929713,-79.034568
CRASH INVESTIGATION,1521 E FRANKLIN ST,2022/1/20 17:57,29,W,M,35.933036,-79.032733
CRASH INVESTIGATION,303 W FRANKLIN ST,2022/2/3 20:50,32,W,F,35.911242,-79.059687
FAILURE TO REMAIN ON SCENE OF CRASH,NC HWY 54 FWY E @ LITTLE JOHN RD,2022/6/5 5:40,<Null>,<Null>,<Null>,35.90286,-79.00183
HIT AND RUN,117 OLD DURHAM RD,2022/3/18 18:50,<Null>,B,M,35.943996,-79.011437
CRASH INVESTIGATION,409 W FRANKLIN ST,2022/5/12 16:30,<Null>,<Null>,<Null>,35.910806,-79.061155
HIT AND RUN,117 OLD DURHAM RD,2022/5/12 13:00,<Null>,W,M,35.943996,-79.011437
CRASH INVESTIGATION,1213 MARTIN LUTHER KING JR BLVD,2021/11/12 15:50,26,W,F,35.94768,-79.059242
HIT AND RUN,FORDHAM BLVD @ OTEYS RD,2022/4/19 10:13,<Null>,W,M,35.89587,-79.04579
HIT AND RUN INVESTIGATION,750 S MERRITT MILL RD,2022/4/3 18:35,57,B,M,35.903406,-79.067768
CRASH INVESTIGATION,150 E ROSEMARY ST,2022/4/20 19:00,<Null>,<Null>,<Null>,35.914604,-79.054127
HIT AND RUN,NC 54 @ FORDHAM BLVD,2022/6/27 15:10,29,W,M,35.89363,-79.05748
CRASH INVESTIGATION,1118 ENVIRON WAY,2022/1/14 20:30,<Null>,W,M,35.907072,-79.021619
BELATED CRASH,108 N GRAHAM ST,2021/12/10 21:30,31,W,F,35.910675,-79.064424
HIT AND RUN,300 CHRISTINE CT,2022/6/5 19:00,<Null>,W,F,35.955645,-79.06587
CRASH INVESTIGATION,619 E FRANKLIN ST,2021/12/21 0:25,<Null>,<Null>,<Null>,35.917856,-79.044499
HIT AND RUN,104 ADELAIDE WALTERS ST,2022/7/6 14:15,69,A,M,35.937999,-79.013818
CRASH INVESTIGATION,350 CALDWELL ST,2022/6/27 8:00,27,B,F,35.917429,-79.06329
HIT AND RUN,RALEIGH RD,2022/6/9 19:15,78,W,M,35.911096,-79.038724
HIT AND RUN,250 ERWIN RD,2021/12/3 9:35,41,W,M,35.951944,-79.016123
HIT AND RUN,1807 US 15-501,2022/4/11 11:49,<Null>,<Null>,<Null>,35.864075,-79.076346
CRASH INVESTIGATION,108 W LONGVIEW ST,2022/4/24 20:30,31,B,M,35.919676,-79.060415
CRASH INVESTIGATION,1301 FORDHAM BLVD,2021/11/26 4:08,<Null>,<Null>,<Null>,35.934632,-79.022613
CRASH INVESTIGATION,100 S COLUMBIA ST,2022/4/20 21:35,18,W,F,35.912644,-79.056092
HIT AND RUN,320 ASHLEY FOREST RD,2022/3/23 17:30,33,W,F,35.944265,-79.054923
CRASH INVESTIGATION,1801 FORDHAM BLVD,2021/11/23 13:30,<Null>,<Null>,<Null>,35.947773,-79.012795
HIT AND RUN,FORDHAM BLVD @ WILLOW DR,2022/1/28 16:55,42,W,M,35.93035,-79.02427
HIT AND RUN,625 E FRANKLIN ST,2022/4/6 23:56,<Null>,<Null>,<Null>,35.917763,-79.04384
HIT AND RUN,150 E ROSEMARY ST,2022/7/28 7:45,35,W,M,35.914604,-79.054127
CRASH INVESTIGATION,625 E FRANKLIN ST,2022/5/3 10:30,<Null>,<Null>,<Null>,35.917763,-79.04384
HIT AND RUN INVESTIGATION,1114 S COLUMBIA ST,2022/7/4 20:53,21,W,M,35.895422,-79.058406
HIT AND RUN,625 E FRANKLIN ST,2022/4/7 9:00,<Null>,<Null>,<Null>,35.917763,-79.04384
CRASH INVESTIGATION,FORDHAM BLVD @ S COLUMBIA ST,2022/4/4 3:30,<Null>,W,M,35.89363,-79.05748
CRASH INVESTIGATION,1 VILLAGE DR,2021/12/17 23:28,39,W,F,35.922592,-79.06587
HIT AND RUN,828 MARTIN LUTHER KING JR BLVD,2021/12/23 17:27,51,W,F,35.926901,-79.052931
HIT AND RUN,1800 MARTIN LUTHER KING JR BLVD,2022/7/8 11:59,33,W,F,35.968234,-79.058649
CRASH INVESTIGATION,525 E FRANKLIN ST,2022/2/10 12:20,<Null>,W,F,35.916772,-79.046551
HIT AND RUN,400 W ROSEMARY ST,2022/8/12 16:58,20,W,M,35.911782,-79.062877
CRASH INVESTIGATION,201 S ESTES DR,2022/1/17 14:30,<Null>,<Null>,<Null>,35.927763,-79.027033
CRASH INVESTIGATION,223 E ROSEMARY ST,2021/11/15 16:20,<Null>,W,M,35.91609,-79.0516
CRASH INVESTIGATION,714 MARTIN LUTHER KING JR BLVD,2022/3/10 17:00,<Null>,W,M,35.921574,-79.053702
CRASH INVESTIGATION,313 E FRANKLIN ST,2022/7/1 16:16,<Null>,<Null>,<Null>,35.915872,-79.04983
HIT AND RUN,205 SAGE RD,2022/5/19 13:30,<Null>,W,F,35.948679,-79.014557
BELATED CRASH INFORMATION,105 CREEL ST,2022/9/19 6:00,<Null>,W,F,35.905075,-79.066437
HIT AND RUN,1810 FORDHAM BLVD,2022/3/28 11:14,29,W,M,35.944837,-79.009379
HIT AND RUN,1810 FORDHAM BLVD,2022/8/7 10:30,72,W,M,35.944837,-79.009379
CRASH INVESTIGATION,1605 EPHESUS CHURCH RD,2022/3/24 12:00,<Null>,W,M,35.932984,-79.010243
CRASH INVESTIGATION,OLD CHAPEL HILL RD @ POPE RD,2022/7/15 20:34,<Null>,<Null>,<Null>,35.94542,-78.99572
HIT & RUN,2055 S COLUMBIA ST,2022/5/5 20:40,<Null>,W,F,35.883118,-79.060768
CRASH INVESTIGATION,1720 FORDHAM BLVD,2022/6/17 19:30,67,W,F,35.936885,-79.022096
HIT AND RUN,5633 OLD CHAPEL HILL RD,2022/6/20 10:00,25,W,M,35.945061,-78.999963
CRASH INVESTIGATION,1810 FORDHAM BLVD,2022/6/19 15:24,59,W,M,35.944837,-79.009379
CRASH INVESTIGATION,209 FAISON RD,2022/2/25 8:20,36,W,M,35.911333,-79.014146
HIT AND RUN,176 ST ANDREWS LN,2022/6/21 16:30,<Null>,A,M,35.937732,-79.008915
CRASH INVESTIGATION,900 OLD LYSTRA RD,2022/6/18 16:14,54,W,F,35.852444,-79.07323
HIT AND RUN,300 S COLUMBIA ST,2022/8/19 14:19,20,W,M,35.908482,-79.053436
CRASH INVESTIGATION,83 MAXWELL RD,2022/3/24 19:45,61,W,F,35.912036,-79.025181
HIT AND RUN,1490 FORDHAM BLVD,2022/8/2 12:00,64,O,F,35.936119,-79.024047
CRASH INVESTIGATION,98 EPHESUS CHURCH RD,2022/7/25 19:07,50,B,F,35.936223,-79.023122
CRASH INVESTIGATION,1998 FORDHAM BLVD,2022/3/6 14:20,<Null>,W,F,35.899463,-79.034813
CRASH INVESTIGATION,1810 FORDHAM BLVD,2021/11/28,34,W,F,35.944837,-79.009379
HIT AND RUN,859 W BARBEE CHAPEL RD,2022/5/23 17:30,<Null>,<Null>,F,35.905436,-79.016092
CRASH INVESTIGATION,2099 S COLUMBIA ST,2021/10/29 20:20,52,B,F,35.883118,-79.060768
HIT AND RUN,828 MARTIN LUTHER KING JR BLVD,2022/10/31 14:06,20,W,F,35.92696,-79.05294
HIT AND RUN,120 US 15-501 @  ESTES DR,2022/8/17 9:07,32,W,F,35.92512,-79.02499
HIT AND RUN,1800 E FRANKLIN ST,2022/8/27 15:00,19,A,M,35.935158,-79.024284
HIT AND RUN,1301 FORDHAM BLVD@EPHESUS CHURCH RD,2022/11/18 19:18,,W,F,35.93632507,-79.02341461
HIT AND RUN,125 S ESTES DR,2022/12/13 10:43,63,W,F,35.92847443,-79.03112792
HIT & RUN,211 CHURCH ST,2023/2/10 1:05,23,W,M,35.91346359,-79.05948638
HIT & RUN,708 MARKET ST,2023/2/4 18:57,36,W,F,35.88064575,-79.0662384
HIT AND RUN NO INJURIES,FORDHAM BLVD@OLD DURHAM RD,2022/12/30 15:44,25,B,M,35.94471741,-79.01264953
HIT AND RUN,201 S ESTES DR,2023/3/14 17:14,24,W,F,35.92782211,-79.02703857
HIT AND RUN,1 FORDHAM BLVD@OLD MASON FARM RD,2023/5/2 7:48,50,W,F,35.90148163,-79.03274536
BELATED CRASH INVESTIGATION,600 W FRANKLIN ST,2023/5/4 15:50,,W,M,35.91013336,-79.06470489
HIT AND RUN,406 ABERDEEN DR,2023/8/3 17:02,66,I,M,35.88076019,-79.06722259
CRASH INVESTIGATION,133 MALLETTE ST,2023/6/11 3:27,,,,35.92695999,-79.05294036
HIT AND RUN,416 COOLIDGE ST,2023/9/23 9:45,,W,F,35.92695999,-79.05294036
HIT AND RUN,625 E FRANKLIN ST,2023/9/28 20:45,19,W,F,35.92695999,-79.05294036
HIT AND RUN,104 E ROSEMARY ST,2023/6/18 11:56,34,W,F,35.91404724,-79.05654144
HIT AND RUN,211 CHURCH ST,2023/9/12 14:07,,,,35.91346359,-79.05948638
HIT & RUN,201 S ESTES DR,2023/8/21 17:08,20,,F,35.92782211,-79.02703857
HIT AND RUN MVC,1 FORDHAM BLVD,2023/9/5 15:35,36,B,F,35.93254852,-79.02385711
HIT AND RUN,1000 NOVUS LN,2023/8/27 11:14,20,W,F,35.93884659,-79.02210235
HIT AND RUN,201 US 15 501 N,2023/7/10 9:10,27,W,F,35.891864,-79.05849
CRASH INVESTIGATION,103 SWIFT RUN,2023/11/2 18:00,23,W,F,35.96121669,-79.01933514
CRASH INVESTIGATION,407 W ROSEMARY ST,2023/11/1 18:38,19,W,F,35.91131905,-79.06275399
TRAFFIC CRASH INVESTIGATION,PINEY MOUNTAIN RD ANDMARTIN LUTHER KING JR BLVD,2023/10/27 17:45,25,B,M,35.935413,-79.056171
HIT & RUN/CRASH INVESTIGATION,1129 WEAVER DAIRY RD,2023/6/30 15:00,79,B,M,35.962133,-79.054797
CRASH INVESTIGATION,125 S ESTES DR,2023/11/3 10:55,43,W,F,35.92841344,-79.03112186
HIT AND RUN,934 N HERITAGE CIR,2023/11/2 21:00,50,A,M,35.94826975,-79.06195662
CRASH INVESTIGATION,1 FORDHAM BLVD@ERWIN RD,2023/11/4 3:00,,,,35.94223901,-79.01833619
HIT AND RUN,625 S ELLIOTT RD,2023/11/4 18:30,22,B,F,35.93314725,-79.02107221
HIT & RUN,1813 FORDHAM BLVD,2023/11/5 20:52,43,W,F,35.94649518,-79.01053524
HIT AND RUN,2104 DREW HILL LN,2023/8/14 6:00,65,W,F,35.951671,-79.009498
HIT AND RUN,1700 MARTIN LUTHER KING JR BLVD,2023/8/21 8:30,19,W,F,35.96416092,-79.05853271
CRASH INVESTIGATION,101 N GRAHAM ST@W FRANKLIN ST,2023/12/21 10:00,24,W,M,35.90987598,-79.06421102
CRASH INVESTIGATION,1000 NOVUS LN,2023/11/16 23:15,25,W,M,35.93869485,-79.02084364
BELATED CRASH REPORT,520 W FRANKLIN ST@S GRAHAM ST,2023/11/16 10:20,19,W,M,35.90987598,-79.06421102
CRASH INVESTIGATION,1800 MARTIN LUTHER KING JR BLVD,2023/11/8 8:00,43,W,F,35.96823356,-79.05864946
HIT & RUN,635 N COLUMBIA ST,2023/12/1 16:25,28,A,M,35.9192327,-79.05973843
HIT & RUN,1 FORDHAM BLVD@EASTOWNE DR,2023/11/25 20:15,26,A,M,35.94770879,-79.00754072
CRASH INVESTIGATION,216 CONNER DR,2023/11/25 14:30,40,A,F,35.93181641,-79.02879194
CRASH INVESTIGATION,1800 MARTIN LUTHER KING JR BLVD,2023/12/15 18:36,,W,M,35.96823356,-79.05864946
CRASH INVESTIGATION,419 W FRANKLIN ST,2023/12/8 18:30,46,W,M,35.91030145,-79.06194195
CRASH INVESTIGATION,714 E FRANKLIN ST,2023/12/9 2:44,31,B,F,35.91661063,-79.04231966
CRASH INVESTIGATION,107 MARKET ST,2023/12/4 7:45,22,B,F,35.88014222,-79.06518817
CRASH INVESTIGATION,104 MALLETTE ST,2023/11/14 14:00,56,W,M,35.91103298,-79.05929126
HIT AND RUN,1000 NOVUS LN,2023/11/9,26,B,M,35.93869485,-79.02084364
CRASH INVESTIGATION,1 MARTIN LUTHER KING JR BLVD@WEAVER DAIRY,2023/12/15 8:05,51,B,F,35.96416171,-79.05854259
CRASH INVESTIGATION,1 MARTIN LUTHER KING JR BLVD@WEAVER DAIRY,2023/12/5 17:14,36,W,F,35.96416171,-79.05854259
CRASH INVESTIGATION,1 SEAWELL SCHOOL RD@HOMESTEAD RD,2023/12/15 9:55,54,W,M,35.95195779,-79.07551032
HIT AND RUN NO INJURY,1305 E FRANKLIN ST,2023/12/3 10:35,30,W,F,35.92757425,-79.03549923
CRASH INVESTIGATION,1800 E FRANKLIN ST,2023/11/15 15:10,32,W,F,35.93510174,-79.02426815
HIT AND RUN,600 MARTIN LUTHER KING JR BLVD,2023/12/7 11:00,21,W,F,35.91855859,-79.05569215
CRASH INVESTIGATION,140 W FRANKLIN ST,2023/11/17 22:36,21,B,F,35.91296844,-79.05783909
CRASH INVESTIGATION,1 FORDHAM BLVD@S ESTES DR X,2023/11/28 19:25,,,,35.925059,-79.02481138
CRASH INVESTIGATION,1620 MARTIN LUTHER KING JR BLVD,2023/11/9 17:50,,W,F,35.96096737,-79.05730078
CRASH INVESTIGATION,837 SHADYLAWN RD,2023/11/8 17:22,84,W,M,35.94936577,-79.04232905
HIT AND RUN INVESTIGATION,2131 N LAKESHORE DR,2023/11/16 6:30,46,W,M,35.94998486,-79.0339008
CRASH INVESTIGATION,1105 NC 54,2023/11/20 17:35,,,,35.89797607,-79.06773703
CRASH INVESTIGATION,206 W FRANKLIN ST@MALLETTE ST,2023/11/20 17:10,,,,35.911706,-79.05947097
HIT AND RUN,101 N COLUMBIA ST,2023/11/20 18:48,37,W,F,35.91330603,-79.05611955
CRASH INVESTIGATION,1913 EPHESUS CHURCH RD,2023/11/21 11:30,,,,35.93176285,-79.00431042
CRASH INVESTIGATION,215 GREENE ST,2023/12/6 23:23,54,W,F,35.92379933,-79.05646781
CRASH INVESTIGATION,100 E FRANKLIN ST@N COLUMBIA ST,2023/12/1 20:43,30,W,M,35.913151,-79.05575099
HIT AND RUN,100 SPRUNT ST,2023/11/7 9:45,81,W,M,35.90810862,-79.00987055
CRASH INVESTIGATION,301 W FRANKLIN ST,2023/11/8 18:30,25,W,M,35.91140564,-79.05961673
HIT AND RUN,NORTHFIELD DR@MARTIN LUTHER KING JR BLVD,2023/12/14 13:48,19,W,M,35.94627201,-79.05832499
HIT AND RUN,100 N ELLIOTT RD@E FRANKLIN ST,2023/11/30 13:25,54,W,F,35.935031,-79.029434
CRASH INVESTIGATION,100 E FRANKLIN ST@S COLUMBIA ST,2023/12/4 23:30,21,A,F,35.913151,-79.05575099
CRASH INVESTIGATION,1 WESTMINSTER DR@MARTIN LUTHER KING JR BLV,2023/12/6 10:30,,,,35.96113681,-79.05760289
HIT AND RUN,121 N COLUMBIA ST,2023/12/10 1:25,23,U,F,35.91364432,-79.05638399
HIT AND RUN,1219 RALEIGH RD@HAMILTON RD,2024/1/2 16:00,23,W,F,35.90795401,-79.023782
CRASH INVESTIGATION,143 W FRANKLIN ST,2024/1/24 18:18,19,W,M,35.91149063,-79.05793733
CRASH INVESTIGATION,1800 E FRANKLIN ST,2024/1/19 18:00,20,W,M,35.93510174,-79.02426815
HIT AND RUN,805 N COLUMBIA ST,2024/1/19 18:00,21,B,M,35.92145919,-79.0583208
CRASH INVESTIGATION,500 UMSTEAD DR,2024/1/21 13:00,,,,35.92463739,-79.06588455
CRASH INVESTIGATION,S MERRITT MILL RD AT NC 54,2024/1/21 19:05,31,W,F,35.91101999,-79.065804
CRASH INVESTIGATION,1100 NC 54,2023/12/23 11:00,44,W,F,35.89961125,-79.0668944
HIT AND RUN,300 W ROSEMARY ST AT CHURCH ST,2024/1/10 18:11,21,A,F,35.91317099,-79.05864694
CRASH INVESTIGATION,FORDHAM BLVD@S ELLIOTT RD,2023/12/27 20:25,39,W,F,35.932507,-79.02399003
CRASH INVESTIGATION,1800 E FRANKLIN ST,2023/12/28 16:50,77,W,F,35.93510174,-79.02426815
BELATED CRASH,1718 FORDHAM BLVD,2024/1/13 12:15,,,,35.93644775,-79.02259705
HIT & RUN,106 N ELLIOTT RD,2024/1/17 16:55,30,W,F,35.93782875,-79.02946811
HIT AND RUN,200 S ELLIOTT RD,2024/2/5 16:30,,,,35.93292974,-79.02855532
CRASH INVESTIGATION,708 MARTIN LUTHER KING JR BLVD,2023/12/26 18:54,23,W,M,35.92172535,-79.05406053
HIT AND RUN,201 S ESTES DR,2024/2/3 14:14,35,B,F,35.92776301,-79.02703258
HIT AND RUN,214 N GRAHAM ST,2024/2/4 1:30,53,B,F,35.91230925,-79.06506572
HIT AND RUN,FORDHAM BLVD @ SERVICE RD,2024/2/4 16:50,72,W,F,35.93341999,-79.02388602
CRASH INVESTIGATION,FORDHAM BLVD@MANNING DR,2024/1/9 11:25,67,W,F,35.8985491,-79.03621579
HIT AND RUN,117 OLD DURHAM RD,2024/1/25 18:21,38,B,M,35.94399615,-79.01143738
HIT AND RUN,1 FORDHAM BLVD@SAGE RD,2024/1/6 21:19,,B,M,35.94464139,-79.01266307
CRASH INVESTIGATION,1543 FERRELL RD,2024/1/5 19:38,74,W,M,35.93391449,-79.01232033
CRASH INVESTIGATION,1181 WEAVER DAIRY RD,2024/2/9 9:18,35,W,F,35.96348416,-79.05755394
CRASH INVESTIGATION,1650 E FRANKLIN ST@S ELLIOTT RD,2024/2/9 17:14,74,W,F,35.935031,-79.029434
CRASH INVESTIGATION,MARTIN LUTHER KING JR BLVD@EUBANKS RD,2024/1/19 6:55,43,B,M,35.9688539,-79.06109479
CRASH INVESTIGATION,143 W FRANKLIN ST@CHURCH ST,2024/2/17 18:13,31,W,M,35.91222941,-79.0581245
HIT AND RUN,5639 OLD CHAPEL HILL RD,2024/2/19 7:30,23,W,M,35.94470831,-79.00140527
CRASH INVESTIGATION,300 MEADOWMONT VILLAGE CIR,2024/2/23 10:30,29,W,F,35.90433835,-79.01184717
CRASH INVESTIGATION,201 S ESTES DR,2024/2/13 9:40,24,B,M,35.92776301,-79.02703258
CRASH INVESTIGATION,PARK PLACE DR @ E FRANKLIN ST,2024/3/26 21:20,67,W,F,35.91686758,-79.04369539
BELATED CRASH,1800 E FRANKLIN ST,2024/2/14 16:30,,,,35.93510174,-79.02426815
CRASH INVESTIGATION,150 E FRANKLIN ST,2024/2/8 18:50,,,,35.91326135,-79.05346667
CRASH INVESTIGATION,828 MARTIN LUTHER KING JR BLVD,2024/3/20 16:30,20,A,F,35.92690101,-79.0529309
CRASH INVESTIGATION,1848 MARTIN LUTHER KING JR BLVD,2024/2/14 11:20,36,U,M,35.96737605,-79.05884635
CRASH INVESTIGATION,104 HILLSBOROUGH ST,2024/2/4 2:49,20,W,F,35.91613025,-79.04942537
HIT AND RUN,1415 E FRANKLIN ST@S ESTES DR,2024/3/18 14:10,,A,M,35.92931412,-79.03427706
CRASH INVESTIGATION,1720 FORDHAM BLVD,2024/3/26 11:44,,,,35.93688507,-79.02209589
HIT & RUN,US 15-501 HWY N@E FRANKLIN ST,2014/2/21 18:00,45,B,M,35.92319877,-79.03866832
CRASH INVESTIGATION,S ESTES DR NEAR E FRANKLIN ST,2024/2/12 17:35,43,W,M,35.92319877,-79.03866832
HIT AND RUN,N COLUMBIA ST AT E ROSEMARY ST,2024/3/3 3:18,22,W,M,35.914086,-79.05629598
HIT AND RUN,FORDHAM BLVD@FORDHAM-RALEIGH RD EXIT,2024/3/13 15:05,,B,M,35.91038401,-79.02656898
HIT AND RUN,106 BIG MEADOW PL,2024/2/29 9:30,47,W,F,35.95506865,-79.01811382
HIT AND RUN,427 W FRANKLIN ST,2024/3/7 20:00,22,A,F,35.91051646,-79.06235304
CRASH INVESTIGATION,100 N COLUMBIA ST@E FRANKLIN ST,2024/3/4 15:20,,,,35.913151,-79.05575099
HIT AND RUN,221 S ESTES DR,2024/3/4 19:47,,W,F,35.92579846,-79.02559391
CRASH INVESTIGATION,1098 MARTIN LUTHER KING JR BLVD@PINEY MOUNTAI,2024/3/20 6:50,60,A,M,35.93932098,-79.05692597
CRASH INVESTIGATION,500 UMSTEAD DR,2024/3/12 18:00,24,W,M,35.92463739,-79.06588455
CRASH INVESTIGATION,501 JONES FERRY RD,2024/3/23 1:45,18,W,M,35.9059038,-79.08225801
HIT & RUN,322 W ROSEMARY ST,2024/3/11 8:00,21,W,F,35.9124851,-79.06074108
CRASH INVESTIGATION,133 W FRANKLIN ST,2024/4/16 17:45,19,W,F,35.91247907,-79.0574293
HIT AND RUN,313 SUNSET DR,2024/4/15 10:59,34,W,M,35.9132168,-79.06643817
CRASH INVESTIGATION,828 E FRANKLIN ST,2024/4/15 15:00,,W,F,35.91943503,-79.03872324
CRASH INVESTIGATION,1998 FORDHAM BLVD@E LAKEVIEW DR,2024/3/29 13:50,25,B,F,35.91810948,-79.02612514
CRASH INVESTIGATION,1800 E FRANKLIN ST,2024/4/18 11:45,58,I,F,35.93494198,-79.02427494
CRASH INVESTIGATION,100 LIBRARY DR,2024/3/30 14:00,55,W,M,35.93214016,-79.03572621
CRASH INVESTIGATION,1710 E FRANKLIN ST,2024/3/30 14:40,48,W,M,35.93582338,-79.0268491
CRASH INVESTIGATION,100 EPHESUS CHURCH RD@FORDHAM BLVD,2024/4/1 18:19,80,W,F,35.93624918,-79.02338796
HIT AND RUN,527 COLONY WOODS DR,2024/4/9 14:06,56,W,M,35.93084574,-79.00202157
HIT AND RUN,150 E ROSEMARY ST,2024/5/2 11:30,59,W,F,35.91483991,-79.05421912
HIT AND RUN,101 W FRANKLIN ST,2024/4/12 18:45,,,,35.91273643,-79.05667058
CRASH INVESTIGATION,828 MLK JR BLVD,2024/3/28 16:20,43,B,M,35.92690101,-79.0529309
HIT AND RUN,HAMILTON RD@NC 54,2024/4/13 12:17,46,W,M,35.90795401,-79.023782
CRASH INVESTIGATION,109 W ROSEMARY ST,2024/4/10 19:21,21,W,F,35.91386489,-79.05677233
CRASH INVESTIGATION,DAVIE CIR AT E FRANKLIN ST,2024/4/14 0:57,,,,35.91853298,-79.03965204
CRASH INVESTIGATION,100 WEYER DR@CULBRETH RD,2024/4/5 18:03,,,,35.89257402,-79.070522
CRASH INVESTIGATION,9850 SEAWELL SCHOOL RD@WOODLEAF DR,2024/3/28 20:10,19,W,F,35.93047899,-79.07007701
HIT AND RUN,1748 FORDHAM BLVD,2024/4/15 7:09,69,W,M,35.94116311,-79.01939834
CRASH INVESTIGATION,108 SADDLE RIDGE RD,2024/4/20 9:46,,,,35.95761092,-79.03902709
CRASH INVESTIGATION,157 E ROSEMARY ST,2024/4/14 21:02,30,W,M,35.91501145,-79.05392726
HIT & RUN,133 W FRANKLIN ST,2024/4/29 15:32,21,W,F,35.91247907,-79.0574293
CRASH INVESTIGATION,101 E FRANKLIN ST,2024/4/24 15:31,,,,35.91322757,-79.05562166
HIT AND RUN,500 UMSTEAD DR,2024/4/25 7:27,35,W,M,35.9227404,-79.06626073
CRASH INVESTIGATION,425 HILLSBOROUGH ST,2024/5/12 14:54,,,,35.92028534,-79.05238801
HIT AND RUN,229 ASHLEY FOREST RD,2024/5/12 20:26,59,W,F,35.94478967,-79.05578637
CRASH INVESTIGATION,96 SAGE RD@FORDHAM BLVD,2024/6/14 12:04,,W,F,35.94477232,-79.0127157
HIT & RUN,100 MARRIOTT WAY,2024/6/15 21:46,49,W,F,35.90098463,-79.00986577
CRASH INVESTIGATION,FORDHAM BLVD AT E FRANKLIN ST,2024/5/20 8:56,48,W,M,35.9348989,-79.02390672
HIT & RUN,100 N COLUMBIA ST@E FRANKLIN ST,2024/5/22 10:44,24,B,F,35.913151,-79.05575099
HIT AND RUN,1129 WEAVER DAIRY RD,2024/5/23 13:38,30,W,F,35.96329716,-79.05446974
HIT AND RUN,602 MARTIN LUTHER KING JR BLVD,2024/5/23 16:58,23,W,F,35.91913128,-79.05387127
HIT AND RUN,364 SUMMERWALK CIR,2024/5/23 19:12,25,W,M,35.89676392,-79.00891334
CRASH INVESTIGATION,619 E FRANKLIN ST,2024/5/26 19:47,,,,35.91719418,-79.04467741
CRASH INVESTIGATION,ESTES DR AT CASWELL RD,2024/6/8 15:20,42,B,M,35.93517701,-79.04787402
CRASH INVESTIGATION,103 E FRANKLIN ST,2024/5/25 3:04,20,W,M,35.91325582,-79.0555443
CRASH INVESTIGATION,S COLUMBIA ST & VALENTINE LN,2024/5/31 3:37,,,,35.90071498,-79.05791302
CRASH INVESTIGATION,1500 E FRANKLIN ST,2024/6/1 17:06,34,B,F,35.92953582,-79.03408319
CRASH INVESTIGATION,310 W FRANKLIN ST,2024/6/6 19:47,,A,M,35.91135803,-79.06044461
CRASH INVESTIGATION,9201 SEAWELL SCHOOL RD,2024/6/10 21:52,,W,F,35.94169834,-79.07631951
CRASH INVESTIGATION,1800 E FRANKLIN ST,2024/6/11 21:16,,B,M,35.93494198,-79.02427494
HIT AND RUN,106 S ESTES DR,2024/5/11 14:27,49,A,M,35.92834086,-79.03297904
HIT AND RUN,330 W FRANKLIN ST@KENAN ST,2024/6/6 9:55,21,W,M,35.91129001,-79.06054402
CRASH INVESTIGATION,FORDHAM BLVD @ OLD MASON FARM RD,2024/5/11 21:19,20,W,F,35.90147929,-79.03286789
HIT AND RUN,700 MARTIN LUTHER KING JR BLVD@BOLIN HEIGHTS,2024/5/17 9:18,25,W,M,35.922973,-79.05505597
CRASH INVESTIGATION,150 E ROSEMARY ST,2024/5/13 15:09,,,,35.91483991,-79.05421912
HIT AND RUN,799 HILLSBOROUGH ST@MARTIN LUTHER KING JR BL,2024/5/13 12:43,36,W,M,35.9201387,-79.05606506
HIT AND RUN,3140 ENVIRON WAY,2024/6/17 13:36,,,,35.90661232,-79.0221404
HIT & RUN,150 E ROSEMARY ST,2024/6/25 14:35,24,B,F,35.91483991,-79.05421912
BELATED CRASH REPORT,828 MARTIN LUTHER KING JR BLVD,2024/7/10 9:00,,,,35.92695999,-79.05294037
DAMAGE TO PROPERTY VEH HIT AND RUN,618 WEAVER DAIRY RD,2024/9/11 17:10,,,,35.96213913,-79.03437805
HIT AND RUN,205 SAGE RD,2024/8/20 15:00,34,W,F,35.9487381,-79.01457214
HIT & RUN (NO SUSPECT INFO),700 MARTIN LUTHER KING JR BLVD,2024/11/19 11:30,62,W,M,35.92075348,-79.05558014
INFORMATION ON BELATED CRASH,101 VILLAGE CENTER DR,2024/7/17 12:15,29,W,M,35.96995544,-79.06454468
HIT AND RUN,100 E ROSEMARY ST,2024/9/17 19:37,27,B,M,35.91402817,-79.05571747
HIT AND RUN,960 WEAVER DAIRY RD,2024/9/25 16:40,,,,35.96421051,-79.04919434
HIT AND RUN,409 W FRANKLIN ST,2024/11/30 19:05,70,W,F,35.91086578,-79.06116486
HIT AND RUN,S COLUMBIA ST/W CAMERON AVE,2024/7/29 12:25,27,W,F,35.91075516,-79.0544281
HIT AND RUN INVESTIGATION,100 E ROSEMARY ST/N COLUMBIA ST,2024/10/31 20:50,,,,35.91412735,-79.05625916
PEDESTRIAN HIT AND RUN,100 MALLETTE ST/W FRANKLIN ST,2024/11/16 19:06,27,W,M,35.91176605,-79.05953217
